branch_code,branch_name
01,Agriculture and related service activities
01.1,Growing of non-perennial crops
01.11,"Growing of cereals, leguminous crops and oil seeds"
01.13,"Growing of vegetables, roots and tubers"
01.13.1,Growing of vegetables in open fields
01.13.2,Greenhouse growing of vegetables
01.13.3,Growing of mushrooms
01.13.4,Growing of potatoes and other roots and tubers
01.16,Growing of fibre crops
01.19,Growing of other non-perennial crops
01.19.1,Growing of cut flowers and ornamental shrubs in open fields
01.19.2,Greenhouse growing of cut flowers and ornamental shrubs
01.19.3,Growing of fodder plants
01.19.9,Growing of other non-perennial crops n.e.c.
01.2,Growing of perennial crops
01.21,Growing of grapes
01.24,Growing of pome and stone fruits
01.24.1,Growing of apples and pears
01.24.2,Growing of stone fruits
01.25,Growing of other tree and bush fruits and nuts
01.25.1,Growing of strawberries in open fields
01.25.2,Greenhouse growing of strawberries
01.25.3,Growing of bush fruits in open fields (including other tree fruits and nuts)
01.25.4,Greenhouse growing of bush fruits
01.27,Growing of beverage crops
01.28,"Growing of spices, aromatic, drug and pharmaceutical crops"
01.29,Growing of other perennial crops
01.3,Growing of plants for ornamental purposes
01.30,Growing of plants for ornamental purposes
01.30.1,Growing of flower bulbs
01.30.2,Growing of bedding plants in open fields
01.30.3,Greenhouse growing of bedding plants
01.30.4,Greenhouse growing of pot plants
01.30.5,Growing of arboricultural crops in open fields
01.30.9,Growing of other plants for ornamental purposes in open fields
01.4,Animal production
01.41,Raising of dairy cattle
01.41.1,Farming of dairy cattle
01.41.2,Rearing of young cattle for dairy farming
01.42,Raising of other cattle (no dairy cattle)
01.42.1,Farming of beef calves
01.42.2,Farming of other cattle for meat and of suckler cows
01.43,Farming of horses and donkeys
01.45,Raising of sheep and goats
01.45.1,Raising of sheep
01.45.2,Raising of goats
01.46,Raising of swine
01.46.1,Breeding pig farms and pig breeding establishments
01.46.2,Fattening pig farms
01.46.3,Closed and semi-closed pig farms
01.47,Rearing and/or keeping poultry
01.47.1,Rearing and/or keeping egg-laying hens
01.47.2,Rearing and/or keeping broiler chickens
01.47.3,Rearing and/or keeping breeders for egg-laying hens and broiler chickens
01.47.9,Rearing and/or keeping other poultry
01.49,Raising of other animals
01.49.1,Raising of fur animals
01.49.9,Raising of other animals n.e.c.
01.5,Mixed farming
01.50,Mixed farming
01.6,Support activities for agriculture and post-harvest crop activities
01.61,Support activities for crop production
01.62,Support activities for animal production
01.63,Post-harvest crop activities
01.64,Seed processing for propagation
01.7,Hunting
01.70,Hunting
02.1,Silviculture
02.10,Silviculture
02.2,Logging
02.20,Logging
02.4,Support activities to forestry
02.40,Support activities to forestry
03,Fishing and aquaculture
03.1,Fishing
03.11,Marine fishing
03.12,Freshwater fishing
03.2,Aquaculture
03.21,Marine aquaculture
03.22,Freshwater aquaculture
B,B Mining and quarrying
6,Extraction of crude petroleum and natural gas
06.1,Extraction of crude petroleum
06.10,Extraction of crude petroleum
06.2,Extraction of natural gas
06.20,Extraction of natural gas
8,Mining and quarrying (no oil and gas)
08.1,"Mining of stone, sand and clay"
08.12,"Mining of sand, gravel and clay"
08.9,Other mining and quarrying
08.92,Extraction of peat
08.93,Extraction of salt
08.99,Other mining and quarrying n.e.c.
9,Mining support activities
09.1,Support activities for petroleum and natural gas extraction
09.10,Support activities for petroleum and natural gas extraction
09.9,Support activities for other mining and quarrying
09.90,Support activities for other mining and quarrying
C,Manufacturing
10,Manufacture of food products
10.1,Slaughterhouses and processing of meat
10.11,Slaughterhouses (no poultry)
10.12,Slaughterhouses (poultry)
10.13,Processing of meat (no prepared dishes)
10.2,Processing of fish
10.20,Processing of fish
10.3,"Processing of potatoes, vegetables and fruit"
10.31,Processing of potatoes
10.32,Manufacture of fruit and vegetable juice
10.39,Processing of vegetables and fruit (no juice)
10.4,Manufacture of vegetable and animal oils and fats
10.41,Manufacture of vegetable and animal oils and fats (no margarine and other edible fats)
10.42,Manufacture of margarine and similar edible fats
10.5,Manufacture of dairy products
10.51,Manufacture of dairy products (no ice cream)
10.52,Manufacture of ice cream
10.6,"Manufacture of grain mill products, starches and starch products"
10.61,Manufacture of grain mill products
10.62,Manufacture of starches and starch products
10.7,"Manufacture of bakery, pastry and farinaceous products"
10.71,Manufacture of bread and fresh pastry
10.72,Manufacture of rusks and biscuits and of other preserved pastry
10.73,Manufacture of farinaceous products
10.8,Manufacture of other food products
10.81,Manufacture of sugar
10.82,Processing of cocoa and manufacture of chocolate and sugar confectionery
10.82.1,Processing of cocoa
10.82.2,Manufacture of chocolate and sugar confectionery
10.83,Processing of tea and coffee
10.84,"Manufacture of spices, sauces and food grade salt"
10.85,Manufacture of prepared meals and snacks
10.86,Manufacture of homogenised food preparations and dietetic food
10.89,Manufacture of other food products n.e.c.
10.9,Manufacture of prepared animal foods
10.91,Manufacture of foods for farm animals
10.92,Manufacture of prepared pet foods
11,Manufacture of beverages
11.0,Manufacture of beverages
11.01,"Distilling, rectifying and blending of spirits"
11.02,Manufacture of wine from grape
11.03,Manufacture of cider and other fruit wines
11.04,Manufacture of other non-distilled fermented beverages
11.05,Manufacture of beer
11.06,Manufacture of malt
11.07,Manufacture of soft drinks; production of mineral waters and other bottled waters
12,Manufacture of tobacco products
12.0,Manufacture of tobacco products
12.00,Manufacture of tobacco products
13,Manufacture of textiles
13.1,Preparation and spinning of textile fibres
13.10,Preparation and spinning of textile fibres
13.2,Weaving of textiles
13.20,Weaving of textiles
13.3,Finishing of textiles
13.30,Finishing of textiles
13.9,Manufacture of other textiles
13.91,Manufacture of knitted and crocheted fabrics
13.92,"Manufacture of made-up textile articles, except apparel"
13.93,Manufacture of carpets and rugs
13.94,"Manufacture of cordage, rope, twine and netting"
13.95,"Manufacture of non-wovens and articles made from non-wovens, except apparel"
13.96,Manufacture of technical and industrial textiles
13.99,Manufacture of other textiles n.e.c.
14,Manufacture of wearing apparel
14.1,"Manufacture of wearing apparel, except fur apparel"
14.11,Manufacture of leather clothes
14.12,Manufacture of work wear
14.13,Manufacture of other outerwear
14.14,Manufacture of underwear
14.19,Manufacture of babies’ garments and sports clothing and clothing accessories
14.2,Manufacture of articles of fur
14.20,Manufacture of articles of fur
14.3,Manufacture of knitted and crocheted apparel
14.31,Manufacture of knitted and crocheted hosiery
14.39,Manufacture of knitted and crocheted apparel (no hosiery)
15,"Manufacture of leather, products of leather and footwear"
15.1,"Tanning and dressing of leather; manufacture of luggage, handbags, saddlery and harness; dressing"
15.11,Tanning and dressing of leather; dressing and dyeing of fur
15.12,"Manufacture of luggage, handbags and the like, saddlery and harness"
15.2,Manufacture of footwear
15.20,Manufacture of footwear
16,"Manufacture of wood and of products of wood and cork, except furniture; manufacture of articles of straw and plaiting materials"
16.1,Sawmilling and planing of wood
16.10,"Sawmilling and planing of wood, impregnation of wood"
16.10.1,Sawmilling and planing of wood
16.10.2,Impregnation of wood
16.2,"Manufacture of products of wood, cork, straw and plaiting materials"
16.21,Manufacture of veneer sheets and wood-based panels
16.22,Manufacture of panels for parquet floors
16.23,Manufacture of other builders’ carpentry and joinery
16.23.1,"Manufacturing of wooden doors, windows and frames"
16.23.9,"Manufacturing of other builders’ carpentry (no windows, doors and frames)"
16.24,Manufacture of wooden containers
16.29,"Manufacture of other products of wood; manufacture of articles of cork, straw and plaiting materials (no furniture)"
17,Manufacture of paper and paper products
17.1,"Manufacture of pulp, paper and paperboard"
17.11,Manufacture of pulp
17.12,Manufacture of paper and paperboard
17.12.1,Manufacturing of printing paper and paperboard
17.12.2,Manufacturing of paper and paperboard for packaging purposes
17.12.9,Manufacturing of paper and paperboard (not for printing or packaging)
17.2,Manufacture of articles of paper and paperboard
17.21,Manufacture of corrugated paper and paperboard and of containers of paper and paperboard
17.21.1,Manufacturing of containers of paper and paperboard
17.21.2,Manufacturing of corrugated paper and paperboard
17.22,Manufacture of household and sanitary articles of paper
17.23,Manufacture of paper stationery
17.24,Manufacture of wallpaper
17.29,Manufacture of other articles of paper and paperboard
18,Printing and reproduction of recorded media
18.1,Printing and service activities related to printing
18.11,Printing of newspapers
18.12,Other printing
18.12.1,Printing of books
18.12.2,Printing of magazines
18.12.3,Printing of advertising
18.12.4,Printing of packing
18.12.5,Printing of forms
18.12.9,Other printing n.e.c.
18.13,Prepress- and premedia activities
18.14,Graphic finishing and other activities related to printing
18.2,Reproduction of recorded media
18.20,Reproduction of recorded media
19,Manufacture of coke and refined petroleum products
19.1,Manufacture of coke oven products
19.10,Manufacture of coke oven products
19.2,Manufacture of refined petroleum products
19.20,Manufacture of refined petroleum products
19.20.1,Refining of petroleum
19.20.2,Processing of petroleum (no refining)
20,Manufacture of chemicals and chemical products
20.1,"Manufacture of basic chemicals, fertilisers and nitrogen compounds, plastics and synthetic rubber in primary forms"
20.11,Manufacture of industrial gases
20.12,Manufacture of dyes and pigments
20.13,Manufacture of other inorganic basic chemicals
20.14,Manufacture of other organic basic chemicals
20.14.1,Manufacture of petrochemical products
20.14.9,Manufacture of other organic basic chemicals (no petrochemical products)
20.15,Manufacture of fertilisers and nitrogen compounds
20.16,Manufacture of plastics in primary forms
20.17,Manufacture of synthetic rubber in primary forms
20.2,Manufacture of pesticides and other agrochemical products
20.20,Manufacture of pesticides and other agrochemical products
20.3,"Manufacture of paints, varnishes and similar coatings, printing ink and mastics"
20.30,"Manufacture of paints, varnishes and similar coatings, printing ink and mastics"
20.4,"Manufacture of soap and detergents, cleaners, perfumes and toilet preparations"
20.41,"Manufacture of soap, detergents and cleaners"
20.42,Manufacture of perfumes and cosmetics
20.5,Manufacture of other chemical products
20.51,Manufacture of powder and explosives and of matches
20.52,Manufacture of glues
20.53,Manufacture of essential oils
20.59,Manufacture of other chemical products n.e.c.
20.6,Manufacture of man-made fibres
20.60,Manufacture of man-made fibres
21,Manufacture of basic pharmaceutical products and pharmaceutical preparations
21.1,Manufacture of basic pharmaceutical products
21.10,Manufacture of basic pharmaceutical products
21.2,Manufacture of pharmaceutical preparations
21.20,Manufacture of pharmaceutical preparations
22,Manufacture of rubber and plastic products
22.1,Manufacture of rubber products
22.11,Manufacture of rubber tyres and tubes; rethreading of rubber tyres
22.19,Manufacture of rubber products (no tires)
22.2,Manufacture of plastics products
22.21,"Manufacture of plastic plates, sheets, tubes and profiles"
22.22,Manufacture of plastic packing goods
22.23,Manufacture of builders’ ware of plastic
22.29,Manufacture of other plastic products
23,Manufacture of other non-metallic mineral products
23.1,Manufacture of glass and glass products
23.11,Manufacture of flat glass
23.12,Shaping and processing of flat glass
23.13,Manufacture of hollow glass
23.14,Manufacture of glass fibres
23.19,"Manufacture and processing of other glass, including technical glassware"
23.2,Manufacture of refractory products
23.20,Manufacture of refractory products
23.3,Manufacture of clay building materials
23.31,Manufacture of ceramic tiles and flags
23.32,Manufacture of ceramic building products (no tiles and flags)
23.4,Manufacture of other porcelain and ceramic products
23.41,Manufacture of ceramic household and ornamental articles
23.42,Manufacture of ceramic sanitary fixtures
23.43,Manufacture of ceramic insulators and insulating fittings
23.44,Manufacture of other technical ceramic products
23.49,Manufacture of other ceramic products n.e.c.
23.5,"Manufacture of cement, lime and plaster"
23.51,Manufacture of cement
23.52,Manufacture of lime and plaster
23.6,"Manufacture of articles of concrete, cement and plaster"
23.61,"Manufacture of products for construction purposes made of concrete, sand-lime and cellular concrete"
23.61.1,Manufacturing of concrete products for construction
23.61.2,Manufacturing of products for construction purposes made of sand-lime and cellular concrete
23.62,Manufacture of plaster products for construction purposes
23.63,Manufacture of ready-mixed concrete
23.64,Manufacture of mortars
23.65,Manufacture of products of fibre cement
23.69,"Manufacture of other articles of concrete, plaster and cement"
23.7,Stone dressing
23.70,Stone dressing
23.9,Manufacture of abrasive products and non-metallic mineral products n.e.c.
23.91,Manufacture of abrasive products
23.99,Manufacture of other non-metallic mineral products (no abrasive products)
24,Manufacture of basic metals
24.1,Manufacture of basic iron and steel and of ferro-alloys
24.10,Manufacture of basic iron and steel and of ferro-alloys
24.2,"Manufacture of tubes, pipes, hollow profiles and related fittings of steel"
24.20,"Manufacture of tubes, pipes, hollow profiles and related fittings of steel"
24.3,Other first processing of steel
24.31,Cold drawing of bars
24.32,Cold rolling of narrow strip
24.33,Cold forming and folding
24.34,Cold drawing of wire
24.4,Manufacture of basic precious and other non-ferrous metals
24.41,Manufacture of precious metals
24.42,Aluminium production
24.43,"Lead, zinc and tin production"
24.44,Copper production
24.45,Other non-ferrous metal production
24.46,Smelting and refining of uranium
24.5,Casting of metals
24.51,Casting of iron
24.52,Casting of steel
24.53,Casting of light metals
24.54,Casting of other non-ferrous metals
25,"Manufacture of fabricated metal products, except machinery and equipment"
25.1,Manufacture of structural metal products
25.11,Manufacture of metal structures and parts of structures
25.12,"Manufacture of metal doors, windows and their frames"
25.2,Manufacture of reservoirs of metal and of boilers and radiators for central heating
25.21,Manufacture of boilers and radiators for central heating
25.29,Manufacture of metal tanks and reservoirs
25.3,"Manufacture of steam generators, except central heating hot water boilers"
25.30,"Manufacture of steam generators, except central heating hot water boilers"
25.4,Manufacture of weapons and ammunition
25.40,Manufacture of weapons and ammunition
25.5,"Forging, pressing, stamping and roll-forming of metal; powder metallurgy"
25.50,"Forging, pressing, stamping and roll-forming of metal; powder metallurgy"
25.6,Treatment and coating of metals; machining
25.61,Treatment and coating of metals
25.62,Machining
25.7,"Manufacture of cutlery, tools and general hardware"
25.71,Manufacture of cutlery
25.72,Manufacture of locks and hinges
25.73,Manufacture of tools
25.9,Manufacture of other fabricated metal products
25.91,Manufacture of steel drums and similar containers
25.92,Manufacture of light metal packaging
25.93,"Manufacture of wire products, chain and springs"
25.94,Manufacture of fasteners and screw machine products
25.99,Manufacture of other fabricated metal products n.e.c.
26,"Manufacture of computers, electronic and optical products"
26.1,Manufacture of electronic components and boards
26.11,Manufacture of electronic components
26.12,Manufacture of loaded electronic boards
26.2,Manufacture of computers and peripheral equipment
26.20,Manufacture of computers and peripheral equipment
26.3,Manufacture of communication equipment
26.30,Manufacture of communication equipment
26.4,Manufacture of consumer electronics
26.40,Manufacture of consumer electronics
26.5,"Manufacture of instruments for measuring, testing and navigation; watches and clocks"
26.51,"Manufacture of instruments for measuring, testing, navigation and controlling"
26.52,Manufacture of watches and clocks
26.6,"Manufacture of irradiation, electromedical and electrotherapeutic equipment"
26.60,"Manufacture of irradiation, electromedical and electrotherapeutic equipment"
26.7,Manufacture of optical instruments and photographic equipment
26.70,Manufacture of optical instruments and photographic equipment
26.8,Manufacture of magnetic and optical media
26.80,Manufacture of magnetic and optical media
27,Manufacture of electrical equipment
27.1,"Manufacture of electric motors, generators, transformers and electricity distribution and control apparatus"
27.11,"Manufacture of electric motors, generators and transformers"
27.12,Manufacture of electricity distribution and control apparatus
27.2,Manufacture of batteries and accumulators
27.20,Manufacture of batteries and accumulators
27.3,Manufacture of wiring and wiring devices
27.31,Manufacture of fibre optic cables
27.32,Manufacture of other electronic and electric wires and cables
27.33,Manufacture of wiring devices
27.4,Manufacture of electric lighting equipment
27.40,Manufacture of electric lighting equipment
27.5,Manufacture of domestic appliances
27.51,Manufacture of electric domestic appliances
27.52,Manufacture of non-electric domestic appliances
27.9,Manufacture of other electrical equipment
27.90,Manufacture of other electrical equipment
28,Manufacture of machinery and equipment n.e.c.
28.1,"Manufacture of engines, turbines, pumps, compressors, taps, valves and driving elements"
28.11,"Manufacture of engines and turbines, not for aircraft, vehicles and cycles"
28.12,Manufacture of fluid power equipment
28.13,Manufacture of non-hydraulic pumps and compressors
28.14,Manufacture of other taps and valves
28.15,"Manufacture of gears, bearings and other driving elements"
28.2,Manufacture of other general-purpose machinery
28.21,Manufacture of industrial ovens and furnace burners
28.22,Manufacture of lifting and handling equipment
28.23,Manufacture of office machinery and equipment (except computers and peripheral equipment)
28.24,Manufacture of pneumatic and electrical hand tools
28.25,Manufacture of non-domestic cooling and ventilation equipment
28.29,Manufacture of other general-purpose machinery and equipment n.e.c.
28.3,Manufacture of agricultural and forestry machinery
28.30,Manufacture of agricultural and forestry machinery
28.4,Manufacture of machine tools
28.41,Manufacture of metal forming machine tools
28.49,Manufacture of machine tools not for metal forming
28.9,Manufacture of other special-purpose machinery
28.91,Manufacture of machinery for metallurgy
28.92,Manufacture of machinery for construction and mining
28.93,Manufacture of machinery for food and beverage processing
28.94,"Manufacture of machinery for textile, apparel and leather production"
28.95,Manufacture of machinery for paper and paperboard production
28.96,Manufacture of plastics and rubber machinery
28.99,Manufacture of other special-purpose machinery and equipment n.e.c.
29,"Manufacture of motor vehicles, trailers and semi-trailers"
29.1,Manufacture of motor vehicles
29.10,Manufacture of motor vehicles
29.2,Manufacture of bodies (coachwork) for motor vehicles; manufacture of trailers and semi-trailers
29.20,Manufacture of bodies (coachwork) for motor vehicles; manufacture of trailers and semi-trailers
29.20.1,Manufacturing of bodies (coachwork) for motor vehicles
29.20.2,Manufacturing of and trailers and semi-trailers
29.3,Manufacture of parts and accessories for motor vehicles
29.31,Manufacture of electrical and electronic parts and accessories for motor vehicles
29.32,Manufacture of non-electrical and non-electronic parts and accessories for motor vehicles
30,Manufacture of other transport equipment
30.1,Building of ships and boats
30.11,Building of ships and floating structures (no pleasure boats)
30.12,Building of pleasure and sporting boats
30.2,Manufacture of railway rolling stock
30.20,Manufacture of railway rolling stock
30.3,Manufacture of aircraft
30.30,Manufacture of aircraft
30.4,Manufacture of military fighting vehicles
30.40,Manufacture of military fighting vehicles
30.9,Manufacture of transport equipment n.e.c.
30.91,Manufacture of motorcycles and mopeds
30.92,Manufacture of bicycles and invalid carriages
30.99,Manufacture of other transport equipment n.e.c.
31,Manufacture of furniture
31.0,Manufacture of furniture
31.01,Interior construction and manufacture of business furniture
31.01.1,Interior construction
31.01.2,Manufacturing of business furniture
31.02,Manufacture of kitchen furniture
31.03,Manufacture of mattresses
31.09,Manufacture of other furniture
32,Manufacture of other products n.e.c.
32.1,"Manufacture of jewellery, bijouterie and related articles"
32.11,Striking of coins and medals
32.12,Working of precious stones and manufacture of jewellery (no imitation)
32.13,Manufacture of imitation jewellery
32.2,Manufacture of musical instruments
32.20,Manufacture of musical instruments
32.3,Manufacture of sports goods
32.30,Manufacture of sports goods
32.4,Manufacture of games and toys
32.40,Manufacture of games and toys
32.5,Manufacture of medical instruments and supplies
32.50,Manufacture of medical instruments and supplies
32.50.1,Dental laboratories
32.50.2,Manufacture of medical instruments and supplies (no dental laboratories)
32.9,Manufacture of other products n.e.c.
32.91,Manufacture of brooms and brushes
32.99,Sheltered workshops and manufacturing of other goods n.e.c.
32.99.1,Sheltered workshops
32.99.9,Other manufacturing n.e.c.
33,Repair and installation of machinery and equipment
33.1,"Repair of fabricated metal products, machinery and equipment"
33.11,Repair of fabricated metal products
33.12,Repair and maintenance of machinery
33.12.1,Repair and maintenance of machinery for general use and machine parts (no tools)
33.12.2,Repair and maintenance of pneumatic and electric tools and machine tools
33.12.3,Repair and maintenance of machinery for specific industries
33.13,Repair of electronic and optical equipment
33.14,Repair of electrical equipment
33.15,Repair and maintenance of ships and boats
33.16,Repair and maintenance of airplanes
33.17,Repair and maintenance of other transport equipment
33.19,Repair of other equipment
33.2,Installation of industrial machinery and equipment
33.21,Installation of boilers and tanks
33.22,Installation of industrial machinery
33.22.1,Installation of general-purpose machinery (no tools)
33.22.2,Installation of pneumatic and electric tools and machine tools
33.22.3,Installation of machinery for specific industries
33.23,Installation of electronic and optical equipment
33.24,Installation of electrical equipment
33.29,Installation of other equipment
D,"Electricity, gas, steam and air conditioning supply"
35,"Electricity, gas, steam and air conditioning supply"
35.1,Electric power generation; transmission and distribution of gas and electricity
35.11,Production of electricity
35.11.1,Production of thermal and nuclear electricity and production of electricity by thermal power plants
35.11.2,Production of electricity by wind energy
35.11.3,"Production of electricity by solar cells, heat pumps and hydropower"
35.12,"Operation of transmission systems for electricity, gas and hot water"
35.13,Distribution of electricity and gas through pipes
35.14,Trade of electricity and gas through pipes
35.2,Manufacture of gas
35.20,Manufacture of gas
35.3,Steam and air conditioning supply
35.30,Steam and air conditioning supply
E,"Water supply; sewerage, waste management and remediation activities"
36,"Collection, purification and distribution of water"
36.0,"Collection, purification and distribution of water"
36.00,"Collection, purification and distribution of water"
37,Sewerage
37.0,Sewerage
37.00,Sewerage
38,"Waste collection, treatment and disposal activities; materials recovery"
38.1,Waste collection
38.11,Collection of non-hazardous waste
38.12,Collection of hazardous waste
38.2,Waste treatment and disposal
38.21,Treatment of non-hazardous waste
38.22,Treatment of hazardous waste
38.3,Materials recovery
38.31,"Dismantling of ships, white goods, computers etc."
38.32,Recovery of sorted materials
39,Remediation activities and other waste management
39.0,Remediation activities and other waste management
39.00,Remediation activities and other waste management
F,Construction
41,Construction of buildings and development of building projects
41.1,Development of building projects
41.10,Development of building projects
41.2,Construction of residential and non-residential buildings
41.20,Construction of residential and non-residential buildings
42,Civil engineering
42.1,"Construction of roads, railways, bridges and tunnels"
42.11,Construction of roads and motorways
42.11.1,Construction of roads (no paving)
42.11.2,Paving
42.12,Construction of railways and underground railways
42.13,Construction of bridges and tunnels
42.2,Construction of utility projects
42.21,Construction of utility projects for fluids; water well drilling
42.22,Construction of utility projects for electricity and telecommunications
42.9,Construction of other civil engineering projects
42.91,Construction of water projects
42.99,Construction of other civil engineering projects n.e.c.
43,Specialised construction activities
43.1,Demolition and site preparation
43.11,Demolition
43.12,Earth moving
43.13,Test drilling and boring
43.2,Construction installation
43.21,Electrical installation
43.22,Plumbing and fitting; installation of sanitary fittings and of heat and air-conditioning systems
43.22.1,Plumbing and fitting; installation of sanitary fittings
43.22.2,Installation of heat and air-conditioning systems
43.29,Other construction installation
43.3,Building completion
43.31,Plastering
43.32,Joinery installation
43.33,Floor and wall covering
43.34,Painting and glazing
43.39,Other building completion
43.9,Roofing and other specialised construction activities
43.91,Roofing
43.99,Other specialised construction activities
43.99.1,Pile driving and construction of foundations
43.99.2,Steel bending
43.99.3,Bricklaying and flushing
43.99.9,Other specialised construction n.e.c.
G,Wholesale and retail trade; repair of motor vehicles and motorcycles
45,"Sale and repair of motor vehicles, motorcycles and trailers"
45.1,"Sale of motor vehicles and trailers, also if combined with repair"
45.11,Sale and repair of cars and light motor vehicles
45.11.1,Import of new passenger cars and light motor vehicles
45.11.2,Sale and repair of passenger cars and light motor vehicles (no import of new cars)
45.19,"Sale and repair of trucks, trailers and caravans"
45.19.1,Import of new commercial vehicles
45.19.2,Sale and repair of heavy commercial vehicles
45.19.3,Sale and repair of trailers and semi-trailers (no caravans)
45.19.4,Sale and repair of caravans
45.2,Specialised repair of motor vehicles
45.20,Specialised repair of motor vehicles
45.20.1,Sale and installation of motor vehicle parts
45.20.2,Tyre centres
45.20.3,Repair of specific motor vehicle parts
45.20.4,Bodywork repair
45.20.5,Other specialised repair; washing and towing of motor vehicles
45.3,Sale of motor vehicle parts and accessories
45.31,Wholesale and commission trade of motor vehicle parts and accessories
45.31.1,Wholesale and commission trade of motor vehicle parts and accessories (no tyres)
45.31.2,Wholesale and commission trade of tyres
45.32,Retail trade of motor vehicle parts and accessories
45.4,Sale and repair of motorcycles and related parts
45.40,Sale and repair of motorcycles and related parts
45.40.1,Wholesale and commission trade of motorcycles and related parts
45.40.2,Retail trade and repair of motorcycles and related parts
46,Wholesale trade (no motor vehicles and motorcycles)
46.1,Wholesale on a fee or contract basis
46.11,"Agents involved in the sale of agricultural raw materials, live animals, textile raw materials"
46.12,"Agents involved in the sale of fuels, ores, metals and chemicals"
46.13,"Agents involved in the sale of timber, flat glass, sanitary equipment and building materials"
46.14,"Agents involved in the sale of machinery, industrial equipment, ships and aircraft"
46.15,"Agents involved in the sale of furniture, household goods and hardware"
46.16,"Agents involved in the sale of textiles, clothing, footwear and leather goods"
46.17,Agents involved in the sale of food and beverages
46.18,Agents specialising in the sale of other goods
46.19,Non-specialised agents
46.2,Wholesale of agricultural products and live animals
46.21,"Wholesale of grain, unmanufactured tobacco, oils, seeds and animal foods"
46.21.1,Wholesale of grain
46.21.2,Wholesale of seeds and legumes
46.21.3,"Wholesale of hay, straw and roughage"
46.21.4,Wholesale of mixed feeds and concentrates
46.21.5,"Wholesale of cattle feed (no roughage, mixed feed and concentrates)"
46.21.6,Wholesale of raw vegetable and animal fats and oils and oleaginous raw materials
46.21.7,Wholesale of unmanufactured tobacco
46.21.8,Wholesale of various agricultural products and cattle feed
46.21.9,Wholesale of other agricultural products
46.22,Wholesale of flowers and plants
46.23,Wholesale of live animals
46.23.1,Wholesale of live cattle
46.23.2,"Wholesale of pet animals, ornamental fish and birds, and game"
46.24,"Wholesale of hides, skins, leather and semi-finished leather products"
46.24.1,Wholesale of hides and skins
46.24.2,Wholesale of leather and semi-finished leather products
46.3,Wholesale of food and beverages
46.31,Wholesale of vegetables and fruits and of edible potatoes
46.31.1,Wholesale of vegetables and fruits
46.31.2,Wholesale of edible potatoes
46.32,Wholesale of meat and meat products and of game and fowl (not live)
46.33,"Wholesale of dairy products, edible oils and fats and eggs"
46.33.1,Wholesale of dairy products and edible oils and fats
46.33.2,Wholesale of eggs
46.34,Wholesale of beverages (no diary products)
46.35,Wholesale of tobacco products and smokers’ requisites
46.36,"Wholesale of sugar, chocolate and sugar confectionery"
46.37,"Wholesale of coffee, tea, cocoa and spices (no raw)"
46.38,Wholesale of other food and of other raw and semi-finished materials for the manufacturing of food
46.38.1,Wholesale of snacks
46.38.2,"Wholesale of fish, crustaceans and molluscs"
46.38.3,Wholesale specialised in other food n.e.c.
46.38.4,Wholesale of baking ingredients
46.38.9,Specialised wholesale of other raw and semi-finished materials for the manufacturing of food
46.39,Non-specialised wholesale of food
46.4,Wholesale of consumer goods (no food)
46.41,"Wholesale of clothing fabrics, haberdashery and household textiles"
46.41.1,Wholesale of clothing fabrics and haberdashery
46.41.2,Wholesale of household textiles
46.42,"Wholesale of clothes, footwear and clothing accessories"
46.42.1,Wholesale of upper clothes
46.42.2,Wholesale of work clothes
46.42.3,Wholesale of underwear
46.42.4,Wholesale of footwear
46.42.5,Wholesale of clothing accessories
46.42.9,Non-specialised wholesale of textiles
46.43,"Wholesale of electrical household appliances, audio and video equipment, photographic and optical articles"
46.43.1,Wholesale of white goods
46.43.2,Wholesale of electrical household appliances (no white goods and audio and video equipment)
46.43.3,Wholesale of audio and video equipment
46.43.4,Wholesale of photographic goods
46.43.5,Wholesale of video and music recordings
46.43.6,Wholesale of optical articles
46.44,"Wholesale of glassware, china and pottery and of cleaning materials"
46.44.1,"Wholesale of glassware, china and pottery"
46.44.2,Wholesale of detergents and cleaners
46.45,Wholesale of perfume and cosmetics
46.46,"Wholesale of pharmaceutical goods, medical instruments and orthopaedic articles"
46.46.1,Wholesale of pharmaceutical goods
46.46.2,"Wholesale of medical and dental instruments, nursing and orthopaedic articles and laboratory equipment"
46.47,"Wholesale of home furniture, household textiles, carpets and lighting equipment"
46.47.1,Wholesale of home furniture
46.47.2,Wholesale of household textiles and carpets
46.47.3,Wholesale of articles for lighting
46.48,Wholesale of watches and jewellery
46.49,Wholesale of other consumer goods (non-food)
46.49.1,Wholesale of bicycles and mopeds
46.49.2,Wholesale of water sport goods
46.49.3,Wholesale of camping goods
46.49.4,Wholesale of toys
46.49.5,Wholesale of musical instruments
46.49.6,Wholesale of sports goods (not for water sports)
46.49.7,Wholesale of paper and paperboard goods (not for packaging)
46.49.8,"Wholesale of books, magazines and other printed matter"
46.49.9,Wholesale of other non-food consumer goods n.e.c.
46.5,Wholesale of information and communication equipment
46.51,"Wholesale of computers, peripheral equipment and software"
46.52,Wholesale of electronic and communication equipment and related parts
46.6,"Wholesale of other machines, equipment and supplies for manufacturing and trade"
46.61,"Wholesale of agricultural machinery, equipment and tractors"
46.62,Wholesale of machine tools
46.63,Wholesale of construction machinery
46.64,Wholesale of machinery for the textile industry and of sewing and knitting machines
46.65,Wholesale of office furniture
46.66,Wholesale of office machinery and equipment (no computers)
46.68,Wholesale of printing and bookbinding machines and machines for food and beverage processing
46.68.1,Wholesale of printing and bookbinding machines
46.68.2,Wholesale of machines for food and beverage processing
46.69,"Wholesale of other machines, equipment and supplies for manufacturing and trade"
46.69.1,Wholesale of internal transport equipment
46.69.2,Wholesale of heating and cooling equipment
46.69.3,"Wholesale of combustion engines, pumps and compressors"
46.69.4,Wholesale of fittings and equipment for industrial use
46.69.5,Wholesale of measuring and control equipment
46.69.6,Wholesale of packaging
46.69.7,Wholesale of articles for ships and for fishing (no sport fishing)
46.69.9,"Wholesale of other machines, equipment and supplies for manufacturing and trade n.e.c."
46.7,Other specialised wholesale
46.71,Wholesale of fuels and other mineral oils
46.71.1,Wholesale of solid fuels
46.71.2,Wholesale of liquid and gaseous fuels
46.71.3,Wholesale of mineral oils (no fuels)
46.72,Wholesale of metals and metal ores
46.72.1,Wholesale of metal ores
46.72.2,Wholesale of ferrous metals and ferrous semi-finished products
46.72.3,Wholesale of non-ferrous metals and non-ferrous semi-finished products
46.73,"Wholesale of wood, sanitary equipment and other construction materials"
46.73.1,Wholesale of wood and board
46.73.2,Wholesale of paints
46.73.3,Wholesale of wallpaper
46.73.4,Wholesale of flat glass
46.73.5,Wholesale of sand and gravel
46.73.6,Wholesale of tiles and flags
46.73.7,Wholesale of sanitary equipment and sanitary fittings
46.73.8,Specialised wholesale of other construction materials
46.73.9,Non-specialised wholesale of construction materials
46.74,Wholesale of hardware and heating equipment
46.74.1,Wholesale of hardware
46.74.2,Wholesale of heating equipment
46.75,Wholesale of chemical products
46.75.1,Wholesale of basic and industrial chemicals
46.75.2,Wholesale of agrochemical products
46.76,Wholesale of other intermediate products
46.76.1,Wholesale of textile raw materials and textile semi-finished products
46.76.2,Wholesale of paper and paperboard
46.76.9,Wholesale of other intermediary products n.e.c.
46.77,Wholesale of waste and scrap
46.77.1,Wholesale of reusable parts of motor vehicles
46.77.2,Wholesale of iron and steel waste and non-ferrous metal waste
46.77.9,Wholesale of other waste and scrap
46.9,Non-specialised wholesale
46.90,Non-specialised wholesale
46.90.1,Non-specialised wholesale of consumer goods
46.90.2,Non-specialised wholesale of non-consumer goods
47,Retail trade (not in motor vehicles)
47.1,Retail sale in non-specialised stores
47.11,"Supermarkets, department stores and similar non-specialised stores"
47.19,Department stores and similar non-specialised stores with non-food
47.19.1,Department stores
47.19.2,Non-specialised stores with non-food (no department stores)
47.2,Specialised shops selling food and beverages
47.21,"Shops selling potatoes, fruit and vegetables"
47.22,"Shops selling meat and meat products, game and poultry"
47.22.1,Shops selling meat and meat products
47.22.2,Shops selling game and poultry
47.23,Shops selling fish
47.24,"Shops selling bread, pastry, chocolate and sugar confectionery"
47.24.1,Shops selling bread and pastry
47.24.2,Shops selling chocolate and sugar confectionary
47.25,Shops selling beverages
47.26,Shops selling tobacco products
47.29,Other specialised shops selling food
47.29.1,Shops selling cheese
47.29.2,Shops selling natural and health food
47.29.3,Shops selling foreign food
47.29.9,Specialised shops selling other food n.e.c.
47.3,Petrol stations
47.30,Petrol stations
47.4,Shops selling consumer electronics
47.41,"Shops selling computers, peripheral equipment and software"
47.42,Shops selling telecommunication equipment
47.43,"Shops selling audio and video equipment, eventually combined with white goods"
47.43.1,Shops selling audio and video equipment
47.43.2,Shops selling a combination of brown and white goods
47.5,Shops selling other household equipment
47.51,"Shops selling clothing fabrics, household textiles and haberdashery"
47.51.1,Shops selling clothing fabrics
47.51.2,Shops selling household textiles
47.51.3,"Shops selling knitting wool, fancywork and haberdashery"
47.52,Shops selling do-it-yourself articles
47.52.1,Shops selling hardware
47.52.2,Shops selling paints and wallpaper
47.52.3,Shops selling building and garden materials of wood
47.52.4,Shops selling tiles
47.52.5,Shops selling kitchens
47.52.6,"Shops selling parquet, laminate and cork floors"
47.52.7,Specialised shops selling other do-it-yourself articles
47.52.8,Builder’s merchants and other shops selling various building materials
47.53,Shops selling floor coverings and curtains
47.54,Shops selling electrical household appliances and parts of it
47.54.1,Shops selling white goods
47.54.2,Shops selling sewing and knitting machines
47.54.3,Shops selling other electrical household appliances
47.54.4,Shops selling parts of electrical household appliances
47.59,"Shops selling furniture, articles for lighting and other household articles n.e.c."
47.59.1,Shops selling furniture
47.59.2,Shops selling articles for lighting
47.59.3,Shops selling various home furnishings
47.59.4,Shops selling musical instruments
47.59.5,"Shops selling glassware, china and pottery"
47.59.6,Specialised shops selling other household goods n.e.c.
47.59.7,Non specialised shops selling household articles
47.6,"Shops selling reading, sports, camping and recreation goods"
47.61,Shops selling books
47.62,"Shops selling newspapers, magazines and stationery"
47.63,Shops selling music and video recordings
47.64,"Shops selling bicycles and mopeds, sports and camping goods and boats"
47.64.1,Shops selling bicycles and mopeds
47.64.2,Shops selling water sports goods
47.64.3,Shops selling sports goods (not for water sports)
47.64.4,Shops selling camping goods (no caravans)
47.65,Shops selling toys
47.7,Shops selling other goods
47.71,Shops selling clothes and clothing accessories: textile supermarkets
47.71.1,Shops selling menswear
47.71.2,Shops selling ladies’ wear
47.71.3,Shops selling outerwear and clothing accessories (non-specialised)
47.71.4,Shops selling baby- and children’s clothes
47.71.5,Shops selling various baby articles
47.71.6,"Shops selling underwear, foundations etc."
47.71.7,Shops selling clothing accessories
47.71.8,Textile supermarkets
47.72,Shops selling footwear and leather goods
47.72.1,Shops selling footwear
47.72.2,Shops selling leather goods
47.73,Dispensing chemists
47.74,Drugstores and shops selling medical and orthopaedic goods
47.74.1,Drugstores
47.74.2,Shops selling medical and orthopaedic goods
47.75,Shops selling perfumery and cosmetic articles
47.76,"Shops selling flowers, plants, seeds, garden material, pets and articles for pets"
47.76.1,"Shops selling flowers, plants, seeds and garden material"
47.76.2,Garden centres
47.76.3,Shops selling pets and articles for pets and angling
47.77,Shops selling jewellery and watches
47.78,Shops selling other goods n.e.c.
47.78.1,Shops selling photographic equipment
47.78.2,Shops selling optical articles
47.78.3,"Shops selling paintings, frames, pictures, art, religious articles"
47.78.9,Specialised shops selling other goods n.e.c.
47.79,Shops selling antiques and second-hand goods
47.79.1,Shops selling antiques
47.79.2,Shops selling second-hand clothing
47.79.3,Shops selling second-hand goods (no clothing)
47.8,Market sale
47.81,Retail sale of food and beverages via markets
47.81.1,"Retail sale of potatoes, vegetables and fruit via markets"
47.81.9,Retail sale of other food via markets
47.82,"Retail sale of textiles, clothing and footwear via markets"
47.89,"Retail sale of other goods via markets (no textiles, clothing and footwear)"
47.89.1,"Retail sale of flowers, plants, seeds and garden material via markets"
47.89.2,Retail sale of second-hand goods via markets
47.89.9,Retail sale of other goods via markets
47.9,Retail sale not via stores and markets
47.91,Retail sale via mail order and internet
47.91.1,Retail sale via internet of food and medical goods
47.91.2,Retail sale via internet of consumer electronics
47.91.3,"Retail sale via internet of books, magazines, cd’s, dvd’s"
47.91.4,Retail sale via internet of clothes and clothing accessories
47.91.5,Retail sale via internet of articles for house and garden
47.91.6,Retail sale via internet of leisure articles
47.91.8,Retail sale via internet of other non-food
47.91.9,Non-specialised retail sale of non-food via internet
47.99,"Canvassing, street trade and other retail sale"
47.99.1,Canvassing
47.99.2,Street trade
47.99.9,Other retail sale
H,Transportation and storage
49,Land transport
49.1,Passenger rail transport (no tram or metro)
49.10,Passenger rail transport (no tram or metro)
49.2,Freight rail transport
49.20,Freight rail transport
49.3,Passenger transport by road
49.31,Urban passenger transport
49.32,Taxi operation
49.39,"Transport by bus, tram and subway (no urban transport)"
49.39.1,Non-scheduled private transport by bus
49.39.2,"Regional transport by bus, tram and metro"
49.39.3,Scheduled private transport by bus
49.4,Freight transport by road
49.41,Freight transport by road (no removal services)
49.42,Removal services
49.5,Transport via pipeline
49.50,Transport via pipeline
50,Water transport
50.1,Sea and coastal passenger water transport and ferry-services
50.10,Sea and coastal passenger water transport and ferry-services
50.2,"Sea and coastal water transport (cargo and tank ships, tug boats)"
50.20,"Sea and coastal water transport (cargo and tank ships, tug boats)"
50.20.1,Sea and coastal water transport (cargo and tank ships)
50.20.2,Sea and coastal water transport (towing)
50.3,Inland passenger water transport and ferry-services
50.30,Inland passenger water transport and ferry-services
50.4,Inland freight water transport
50.40,Inland freight water transport
50.40.1,Inland freight water transport (no tankers)
50.40.2,Inland water transport by tankers
50.40.3,Inland water transport (towing or pushing)
51,Air transport
51.1,Passenger air transport
51.10,Passenger air transport
51.2,Freight air transport
51.21,Freight air transport
52,Warehousing and support activities for transportation
52.1,Warehousing and storage
52.10,Warehousing and storage
52.10.1,Storage in tanks
52.10.2,Storage in refrigerated warehouses
52.10.9,"Storage in distribution centres and other storage (not in tanks, refrigerated warehouses etc.)"
52.2,Support activities for transport
52.21,Support activities for land transport
52.22,Support activities for water transport
52.23,Support activities for air transport
52.24,Cargo handling
52.24.1,Cargo handling for transport over seas
52.24.2,Cargo handling for transport over inland waters
52.29,"Forwarding agencies, ship brokers and charterers; weighing and measuring"
52.29.1,"Forwarding agencies, ship brokers, charterers and other agents with respect to transport of goods"
52.29.2,Weighing and measuring
53,Postal and courier activities
53.1,National postal activities under universal service obligation
53.10,National postal activities under universal service obligation
53.2,Postal activities without universal service obligation and couriers
53.20,Postal activities without universal service obligation and couriers
53.20.1,Postal activities without universal service obligation
53.20.2,Couriers
I,Accommodation and food service activities
55,Accommodation
55.1,Hotels and similar accommodation
55.10,Hotels and similar accommodation
55.10.1,Hotels with restaurants
55.10.2,Hotels without restaurants
55.2,Renting of holiday bungalows and apartments; youth hostels and tourist camps
55.20,Renting of holiday bungalows and apartments; youth hostels and tourist camps
55.20.1,Renting of holiday bungalows and apartments
55.20.2,"Youth hostels, tourist camps, group accommodation"
55.3,Camping sites
55.30,Camping sites
55.9,Other provision of lodgings n.e.c.
55.90,Other provision of lodgings n.e.c.
56,Food and beverage service activities
56.1,Restaurants
56.10,Restaurants
56.10.1,Restaurants
56.10.2,"Fast-food restaurants, cafeterias, ice cream parlours, take-out eating places etc."
56.2,Canteens and catering
56.21,Event catering
56.29,Canteens and industrial catering
56.3,Bars
56.30,Bars
J,Information and communication
58,Publishing
58.1,"Publishing of books, magazines etc.; databases"
58.11,Book publishing
58.12,Databases
58.13,Publishing of newspapers
58.14,Publishing of journals and magazines
58.19,Other publishing (no software)
58.2,Software publishing
58.21,Publishing of computer games
58.29,Other software publishing
59,Motion picture and television programme production and distribution; sound recording and music publishing
59.1,Motion picture and television programme production and distribution
59.11,Motion picture and television programme production
59.11.1,Motion picture production (not for television)
59.11.2,Television programme production
59.12,Support activities to motion picture and television programme production
59.13,Distribution of motion pictures and television programmes
59.14,Cinemas
59.2,Sound recording and music publishing
59.20,Sound recording and music publishing
60,Programming and broadcasting
60.1,Radio broadcasting
60.10,Radio broadcasting
60.2,Television broadcasting
60.20,Television broadcasting
61,Telecommunications
61.1,Wired telecommunications activities
61.10,Wired telecommunications activities
61.2,Wireless telecommunications activities
61.20,Wireless telecommunications activities
61.3,Satellite telecommunications activities
61.30,Satellite telecommunications activities
61.9,Other telecommunications activities
61.90,Other telecommunications activities
62,Support activities in the field of information technology
62.0,Support activities in the field of information technology
62.01,"Writing, producing and publishing of software"
62.02,Computer consultancy and support
62.03,Computer facilities management
62.09,Other information technology and computer service activities
63,Information service activities
63.1,"Data processing, hosting and related activities; web portals"
63.11,"Data processing, hosting and related activities"
63.12,Web portals
63.9,Other information service activities
63.91,News agencies
63.99,Other information service activities n.e.c.
K,Financial institutions
64,"Financial institutions, except insurance and pension funding"
64.1,Monetary intermediation
64.11,Central banking
64.19,Other monetary intermediation
64.19.1,Cooperative banks
64.19.2,Stock credit companies
64.19.3,Savings banks
64.19.4,General banks
64.2,Financial holdings
64.20,Financial holdings
64.3,Investment funds
64.30,Investment funds
64.30.1,Investment funds in financial assets
64.30.2,Investment funds in real estate
64.30.3,Investment funds with restricted entry
64.9,Credit granting and other financial intermediation
64.91,Financial leasing
64.92,Other credit granting
64.92.1,Mortgage banks and building funds
64.92.2,Municipal credit banks and commercial finance companies
64.92.3,Participation companies
64.92.4,Bill-brokers and other credit granting n.e.c.
64.99,Other financial intermediation
65,Insurance and pension funding (no compulsory social security)
65.1,Insurance (no reinsurance)
65.11,"Life insurance (no reinsurance), insurance in kind and slate clubs"
65.11.1,Life insurance (no reinsurance)
65.11.2,Insurance in kind
65.11.3,Slate clubs
65.12,Non-life insurance (no reinsurance)
65.12.1,Non-life insurance (no health insurance)
65.12.2,Health insurance
65.2,Reinsurance
65.20,Reinsurance
65.3,Pension funding
65.30,Pension funding
65.30.1,Industry pension funding
65.30.2,Corporate pension funding and saving funds
65.30.3,Pension funding for specific professional groups
65.30.9,Other pension funding
66,Other financial services
66.1,"Financial intermediation, consultancy etc. (not for insurance and pension funding)"
66.11,Administration of financial markets
66.12,"Stockbrokers, investment consultants etc."
66.19,"Trust offices, market makers, mortgage, credit and currency brokers, bank and savings bank agencies etc."
66.19.1,Trust offices
66.19.2,Market makers
66.19.3,"Mortgage, credit and currency brokers, bank and savings bank agencies etc."
66.2,Activities auxiliary to insurance and pension funding
66.21,Risk and damage evaluation
66.22,Insurance agents
66.29,Other services in the field of insurance and pension funding (no appraisers and insurance agents)
66.29.1,Insurance markets
66.29.2,Actuarial and pension consultancy; management of pension funds
66.29.3,Guarantee funding
66.29.9,Other services related to insurance and pension funding
66.3,Fund management
66.30,Fund management
L,"Renting, buying and selling of real estate"
68,Renting and buying and selling of real estate
68.1,Buying and selling of own real estate
68.10,Buying and selling of own real estate
68.2,Renting of real estate
68.20,Renting of real estate
68.20.1,Housing associations and corporations
68.20.2,Municipal housing
68.20.3,Renting of other residential buildings
68.20.4,Renting of non-residential real estate
68.3,Intermediation in and management of real estate
68.31,"Intermediation in buying, selling and renting real estate"
68.32,Management of real estate
M,"Consultancy, research and other specialised business services"
69,"Legal services, accounting, tax consultancy, administration"
69.1,Legal activities
69.10,Legal activities
69.10.1,Lawyers and curators
69.10.2,Legal consultancy
69.10.3,Notaries
69.10.4,Bailiffs
69.10.5,Patent agencies
69.2,"Accounting, tax consultancy, administration"
69.20,"Accounting, tax consultancy, administration"
69.20.1,Officially recognized accountants
69.20.2,Auditors
69.20.3,Book-keeping
69.20.4,Tax consultancy
69.20.9,Other administration
70,Holding companies (not financial)
70.1,Holding companies (not financial)
70.10,Holding companies (not financial
70.10.1,Support activities for the own enterprise group
70.10.2,Holding companies (not financial)
70.2,Management and business consultancy
70.21,Public relations
70.22,Management en business consultancy (no public relations)
70.22.1,Organisational planning
70.22.2,Management en business consultancy (no public relations and organisational planning)
71,"Architects, engineers and technical design and consultancy; testing and analysis"
71.1,"Architects, engineers and technical design and consultancy"
71.11,Architects
71.11.1,Architects (no interior architects)
71.11.2,Interior architects
71.12,Engineers and other technical design and consultancy
71.2,Technical testing and analysis
71.20,Technical testing and analysis
71.20.1,Testing and analysis of agricultural products and food
71.20.2,"Technical testing and analysis of machinery, equipment and materials"
71.20.3,Other technical testing and analysis
72,Research and development
72.1,Research and development on natural sciences and engineering
72.11,Research and development on biotechnology
72.11.1,Biotechnical research and development on agricultural products and processes
72.11.2,Biotechnical research and development on medical products and pharmaceutical processes and of food
72.11.3,Biotechnical research and development in other fields
72.19,Non-biotechnical research and development on natural sciences and engineering
72.19.1,Research and development on agriculture and fishery (not biotechnical)
72.19.2,Research and development on technology
72.19.3,Research and development on health and food (not biotechnical)
72.19.9,Other research and development on natural sciences (not biotechnical)
72.2,Research and development on social sciences and humanities
72.20,Research and development on social sciences and humanities
73,Advertising and market research
73.1,Advertising agencies and sale of time and space for advertising
73.11,Advertising agencies
73.12,Sale of time and space for advertising
73.2,Market research and public opinion polling
73.20,Market research and public opinion polling
74,"Industrial design, photography, translation and other consultancy"
74.1,Industrial and fashion design
74.10,Industrial and fashion design
74.10.1,Communication and graphic design
74.10.2,Product design
74.10.3,Interior and spatial design
74.2,Photography and photo and film developing
74.20,Photography and photo and film developing
74.20.1,Photography
74.20.2,Photo shops
74.20.3,Photo and film developing laboratories
74.3,Translators and interpreters
74.30,Translators and interpreters
74.9,Other specialised business services
74.90,Other specialised business services
75,Veterinary activities
75.0,Veterinary activities
75.00,Veterinary activities
N,Renting and leasing of tangible goods and other business support services
77,"Renting and leasing of motor vehicles, consumer goods, machines and other tangible goods"
77.1,Renting of motor vehicles
77.11,Renting and leasing of passenger cars and light motor vehicles
77.11.1,Renting of passenger cars and light motor vehicles (no operational lease)
77.11.2,Operational leasing of passenger cars and light motor vehicles
77.12,"Renting of trucks, busses and motor homes"
77.2,Renting of consumer goods
77.21,Renting of recreational and sports goods
77.22,Renting of video tapes and disks
77.29,Renting of other consumer goods
77.29.1,Renting of magazines
77.29.2,Renting of clothing and household goods
77.29.9,Renting of other consumer goods n.e.c.
77.3,Renting and leasing of machinery and equipment and of other goods
77.31,Renting and leasing of agricultural machinery and equipment
77.32,Renting and leasing of construction machinery
77.33,Renting and leasing of computers and office machinery
77.34,Renting and leasing of ships
77.35,Renting and leasing of airplanes
77.39,Renting and leasing of other machinery and equipment and of other goods
77.39.1,Renting of vending and slot machines
77.39.9,Renting and leasing of other machinery and equipment and of other goods (no vending and slot machines)
77.4,Leasing of intellectual property and similar products
77.40,Leasing of intellectual property and similar products
78,"Employment placement, provision of temporary employment and payrolling"
78.1,Employment placement agencies
78.10,Employment placement agencies
78.2,Temporary employment agencies and job pools
78.20,Temporary employment agencies and job pools
78.20.1,Temporary employment agencies
78.20.2,Job pools (no employment projects)
78.20.3,Job pools (employment projects)
78.3,Payrolling
78.30,Payrolling
79,"Travel agencies, tour operators, tourist information and reservation services"
79.1,Travel agencies and tour operators
79.11,Travel agencies
79.12,Tour operators
79.9,Tourist information and reservation services
79.90,Tourist information and reservation services
80,Security and investigation
80.1,Private security
80.10,Private security
80.2,Security systems service activities
80.20,Security systems service activities
80.3,Investigation activities
80.30,Investigation activities
81,Facility management
81.1,Facility management
81.10,Facility management
81.2,Cleaning activities
81.21,General cleaning of buildings
81.22,Specialised cleaning of buildings and industrial cleaning activities
81.22.1,Window-cleaning
81.22.2,Chimney sweeping
81.22.9,Other specialised cleaning of buildings and industrial cleaning activities
81.29,Other cleaning
81.3,Landscape service activities
81.30,Landscape service activities
82,Other business services
82.1,Combined office administrative services and specialised office support
82.11,Combined office administrative services
82.19,Specialised office support
82.2,Callcenters
82.20,Callcenters
82.3,Organisation of conventions and tradeshows
82.30,Organisation of conventions and tradeshows
82.9,Other business support activities n.e.c.
82.91,Credit rating and bill collection
82.92,"Packaging, sorting etc. on a fee or contract basis"
82.99,Other business support activities n.e.c.
82.99.1,Auctions for agricultural and fish products
82.99.2,"Auctions for household goods, art, antiques, machinery and similar goods"
82.99.9,Other business services n.e.c.
O,"Public administration, public services and compulsory social security"
84,"Public administration, public services and compulsory social security"
84.1,Public administration
84.11,General public administration
84.12,"Public administration in the field of health care, education, cultural services and social services (no social security)"
84.13,Public administration in the field of operation of businesses
84.2,Public services
84.21,Foreign affairs
84.22,Defence activities
84.23,Justice and judicial activities
84.23.1,Jurisdiction
84.23.2,Ministry of Justice and prisons
84.24,Police
84.25,Fire brigades
84.3,Compulsory social security
84.30,Compulsory social security
P,Education
85,Education
85.2,Primary and special education
85.20,Primary and special education
85.20.1,Primary compulsory education
85.20.2,Special primary education
85.20.3,Special education in expertise centres
85.3,Secondary education
85.31,General secondary education
85.31.1,Havo and vwo
85.31.2,Lower secondary vocational education
85.31.3,Practical education
85.31.4,Comprehensive schools
85.32,Secondary vocational education and adult education
85.32.1,Secondary vocational education
85.32.2,Adult education
85.32.3,Secondary vocational education and adult education combined
85.4,Higher education
85.41,Post-secondary non-tertiary education
85.42,Tertiary education
85.5,Other education
85.51,Sports and recreation education
85.51.1,Sailing and surfing instruction
85.51.9,Other sports and recreation education
85.52,Cultural education
85.52.1,Dancing schools
85.52.2,Artistic education for amateurs (no dancing schools)
85.53,Driving schools
85.59,Other education n.e.c.
85.59.1,Distance education
85.59.2,Business education and training
85.59.9,Tutoring and education n.e.c.
85.6,Educational support activities
85.60,Educational support activities
Q,Human health and social work activities
86,Human health activities
86.1,Hospitals including mental health and substance abuse hospitals
86.10,Hospitals including mental health and substance abuse hospitals
86.10.1,University hospitals
86.10.2,General hospitals
86.10.3,Specialised hospitals (not for mental health)
86.10.4,Mental health hospitals
86.2,Medical and dental practice activities
86.21,General medical practices
86.22,Specialist medical practices and outpatients’ clinics (no dentistry)
86.22.1,Specialist medical practices and outpatients’ clinics (no dentistry or psychiatry)
86.22.2,Practices of psychiatrists and day-care centres for social health
86.23,Dental practices
86.23.1,General dental practices
86.23.2,Specialised dental practices
86.9,Paramedical practitioners and other human health activities without accommodation
86.91,Practices of midwives and paramedical practitioners
86.91.1,Practices of midwives
86.91.2,Practices of physiotherapists
86.91.3,Practices of psychotherapists and psychologists
86.91.9,Other paramedical practitioners (no physiotherapy and psychology) and alternative healers
86.92,Other health care without accommodation and support activities for health care
86.92.1,Health centres
86.92.2,Health and safety at work and reintegration activities
86.92.3,Preventative health care (no health and safety at work)
86.92.4,"Medical laboratories, intensive care for thrombotic patients and other analyses supporting medical treatment"
86.92.5,Ambulance transport and related emergency centres
86.92.9,Umbrella organisations in the field of health care and other support activities for health care
87,Residential care and guidance
87.1,Residential nursing care
87.10,Residential nursing care
87.2,Residential and day care for mental retardation
87.20,Residential and day care for mental retardation
87.3,Residential and day care for the disabled and elderly
87.30,Residential and day care for the disabled and elderly
87.30.1,Residential and day care for the disabled
87.30.2,Residential care for the elderly
87.9,Social assistance with residential care to children and other persons (no elderly and disabled)
87.90,Social assistance with residential care to children and other persons (no elderly and disabled)
87.90.1,Social assistance with residential and day care for children
87.90.2,Social assistance with residential care for other persons (no elderly and disabled)
88,Social work activities without accommodation
88.1,Social work activities without accommodation for the elderly and disabled
88.10,Social work activities without accommodation for the elderly and disabled
88.10.1,Home care
88.10.2,Welfare for elderly
88.10.3,Counselling and welfare for disabled
88.9,Social work activities without accommodation (not for elderly and disabled)
88.91,Child day-care centres
88.99,"Social work and counselling, community activities"
88.99.1,Social work for children
88.99.2,Social work for adults
88.99.3,Community and neighbourhood activities
88.99.9,"Community centres, other consultancy and cooperative bodies in the field of welfare"
R,"Culture, sports and recreation"
90,Arts
90.0,Arts
90.01,Performing arts
90.01.1,Practicing performing arts
90.01.2,Producers of stage productions
90.01.3,Circus and music hall
90.02,Support activities to performing arts
90.03,Writing and other artistic creation
90.04,Theatres and event halls
90.04.1,Theatres
90.04.2,Event halls
91,"Lending of cultural goods, public archives, museums, botanical and zoological gardens and nature reserves activities"
91.0,"Lending of cultural goods, public archives, museums, botanical and zoological gardens and nature reserves activities"
91.01,Lending of cultural goods and public archives
91.01.1,Public libraries
91.01.2,Lending of works of art
91.01.9,Lending of other cultural goods and public archives
91.02,Museums and art galleries
91.02.1,Museums
91.02.2,Art galleries
91.03,Preservation of historical buildings
91.04,Botanical and zoological gardens and nature reserves activities
91.04.1,"Botanical and zoological gardens, children’s zoos"
91.04.2,nature reserves activities
92,Lotteries and betting
92.0,Lotteries and betting
92.00,Lotteries and betting
92.00.1,Lotteries and betting (no machines)
92.00.9,Operation of coin operated gambling machines
93,Sports and recreation
93.1,Sports activities
93.11,Sports facilities
93.11.1,Swimming pools
93.11.2,Sports halls and gymnasiums
93.11.3,Playing fields
93.11.9,Other sports facilities
93.12,Outdoor sports
93.12.1,Football
93.12.2,Outdoor team sports (no football)
93.12.3,Athletics
93.12.4,Tennis
93.12.5,Horse riding and manèges
93.12.6,Cycling
93.12.7,Motor sports
93.12.8,Winter sports
93.12.9,Other outdoor sports
93.13,Fitness facilities
93.14,Indoor sports
93.14.1,Individual indoor sports
93.14.2,Indoor team sports
93.14.3,Power lifting and combat sports
93.14.4,"Bowling, skittles, billiards etc."
93.14.5,"Playing chess, draughts, bridge etc"
93.14.6,Sports schools (combat sports)
93.14.9,"Other indoor sports, omnisports"
93.15,Water sports
93.15.1,Swimming and diving
93.15.2,"Rowing, sailing and surfing"
93.19,Other sports activities
93.19.1,Own account sportsmen
93.19.2,Sport fishing
93.19.3,Organising boat trips for fishing
93.19.4,Supporters clubs (sports)
93.19.5,Organisation of sports events
93.19.6,"Umbrella organizations, cooperative and advisory bodies in the field of sports"
93.19.9,Other sports activities n.e.c.
93.2,Other recreation
93.21,Amusement parks and theme parks
93.21.1,Amusement and theme parks
93.21.2,Carnival attractions
93.29,Other recreation n.e.c.
93.29.1,Marinas
93.29.9,Other recreation n.e.c. (no marinas)
S,Other service activities
94,"World view and political organizations, interest and ideological organizations, hobby clubs"
94.1,"Business, employers and professional membership organisations"
94.11,Business and employers membership organisations
94.12,Professional membership organisations
94.2,Trade unions
94.20,Trade unions
94.9,"World view and political organizations, interest and ideological organizations, hobby clubs"
94.91,Religious organisations
94.91.1,Religious organizations
94.91.9,Other world view organizations
94.92,Political organisations
94.99,"Other interest and ideological organizations, hobby clubs"
94.99.1,Social clubs
94.99.2,Hobby clubs
94.99.3,Funds (not for welfare)
94.99.4,Circles of friends in the field of culture
94.99.5,"Umbrella organizations, cooperative and advisory bodies (not in the field of health care, welfare, sports and recreation)"
94.99.6,Other idealistic organizations n.e.c.
94.99.7,Other interest organizations n.e.c.
95,Repair of computers and consumer goods
95.1,Repair of computers and communication equipment
95.11,Repair of computers and peripheral equipment
95.12,Repair of communication equipment
95.2,"Repair of consumer goods (no computers, communication equipment, motor vehicles and motorcycles"
95.21,Repair of consumer electronics (no computers)
95.22,Repair of electrical household equipment
95.23,Repair of footwear and leather goods
95.24,Repair and upholstering of furniture
95.25,"Repair of watches, clocks and jewellery"
95.29,Repair of other consumer goods
96,Wellness and other services; funeral activities
96.0,Wellness and other services; funeral activities
96.01,Cleaning of clothes of textile
96.01.1,Laundries and renting of linens
96.01.2,Dry cleaning and dyeing
96.01.3,Launderettes and laundry collection and delivery
96.02,Hairdressing and beauty treatment
96.02.1,Hairdressing
96.02.2,"Beauty treatment, pedicures and manicures, make-up and image consulting"
96.03,"Funeral services, crematories, mortuaries and cemeteries"
96.03.1,Burial and cremation services
96.03.2,"Crematories, mortuaries and cemeteries"
96.04,"Sauna, solariums, baths etc"
96.09,Other service activities n.e.c.
T,Activities of households as employers; undifferentiated goods- and service- producing activities of households for own use
97,Activities of households as employers of domestic personnel
97.0,Activities of households as employers of domestic personnel
97.00,Activities of households as employers of domestic personnel
98,Undifferentiated goods- and services-producing activities of private households for own use
98.1,Undifferentiated goods-producing activities of private households for own use
98.10,Undifferentiated goods-producing activities of private households for own use
98.2,Undifferentiated service-producing activities of private households for own use
98.20,Undifferentiated service-producing activities of private households for own use
U,Extraterritorial organisations and bodies
99,Extraterritorial organisations and bodies
99.0,Extraterritorial organisations and bodies
99.00,Extraterritorial organisations and bodies
